first_name,last_name,address,date_of_birth
Denise,Frazier,63844 Brown Springs Suite 170,2004-03-26
Antonio,Jackson,89387 Munoz Spurs Suite 452 Wi,1975-01-17
Kristen,Simmons,72715 Garcia Rest Suite 625 Wi,1954-08-06
Michael,Mitchell,9750 Anthony Valley Apt. 740 C,1984-08-30
Angela,Bradley,1782 Christopher Drive Bennett,1999-02-16
Jason,Clark,805 Ward Locks Suite 934 North,1949-07-10
Ernest,Hernandez,USNS Smith FPO AP 98552,1950-04-16
Sharon,Gibbs,278 Gregory Trace Suite 920 Li,1946-07-22
Holly,Aguirre,"95214 Jacob Ways Brownfurt, TX",1973-06-27
Brenda,Hart,112 Hughes Lakes Suite 413 Lak,1971-10-04
Alexandra,Blake,8578 Lara Drive Suite 650 Jaco,1983-06-16
Beth,Quinn,670 Moore Crossing Apt. 587 Po,1995-08-05
Amy,Greer,0722 Christopher Gardens Apt.,1941-05-26
Brianna,Holland,781 Matthew Centers Apt. 938 E,2001-11-15
Julia,Palmer,7006 Alexandra Throughway Suit,1988-01-30
Kyle,Barnes,26156 Stanley Loaf Apt. 973 Po,1992-05-01
Jessica,Johnson,USNV Haynes FPO AP 71066,1966-01-29
James,Juarez,15725 Williams Lakes Apt. 783,1973-02-10
Sean,Weber,7246 Davis Islands Brandonches,1948-12-11
Danielle,Larson,194 Michael Haven Jessicaburgh,1942-07-16
Samantha,Wilson,36686 Bailey Roads Port Martin,1935-10-10
Nicole,Gibson,2236 Morgan Lock Suite 370 Wes,1948-08-12
Elizabeth,Miller,59172 Sara Crossroad Apt. 179,1970-01-19
Vicki,Williamson,2469 Timothy Park Apt. 830 Jam,1988-11-16
Kelly,Barnett,27656 Little Island Suite 102,1944-12-24
Lisa,Yang,136 Anthony Fork Suite 849 Nor,1966-08-19
Samuel,Huff,USCGC Lopez FPO AE 08758,1992-11-19
Jacob,Mcknight,520 Johnson Junction Suite 265,1950-11-14
James,Wells,USNV Maldonado FPO AE 00795,1949-08-08
Rita,Ballard,8360 Joshua Bypass Apt. 829 Ju,1991-12-11
Clayton,Aguilar,63485 Natasha Valley Lake Kyle,1961-03-17
Mary,Fritz,"PSC 3916, Box 6344 APO AA 7548",1992-05-21
Jo,Anderson,277 Victoria Ramp East Debbieb,1996-12-23
Julia,Shaffer,2775 Frederick Shoals North Li,1995-12-18
Aaron,Taylor,"756 Diana Field West Joshua, N",1968-05-26
Jessica,Branch,03942 Paul Stravenue Suite 475,1954-11-20
Tonya,Young,11947 Baldwin Island East Aman,1977-06-22
Phillip,Butler,45528 Ramirez Forest Suite 267,1948-02-11
Stephen,Kelly,"26767 Meyer Brooks Adamsfurt,",1969-04-22
James,Walsh,43753 Sherman Mission Apt. 326,1982-02-06
Jessica,Diaz,105 Suzanne Knoll Apt. 399 Mar,1939-03-26
Damon,Stewart,5697 Stephanie Turnpike Suite,1970-05-02
Megan,Johnston,"98383 Fox Hills West Joshua, N",2001-12-01
Janet,Stark,5224 Kimberly Union Suite 357,1981-12-20
Michael,Hoffman,"2889 Megan Drive Younghaven, P",1962-03-07
Jerome,Thomas,69984 Madison Motorway South K,1998-06-22
Brandi,Gomez,7732 Park Plains Apt. 190 Sout,1957-09-11
Haley,Smith,"997 Jones Well Thompsontown, P",1976-11-26
Christina,Wood,68619 Montgomery Crossing Obri,1951-08-06
Brenda,Sellers,35471 Miller Dale Nicholasport,1953-09-15
Amber,Schmidt,7016 Paul Avenue Hernandezside,2003-05-19
Carrie,Vang,2921 Tonya Expressway Suite 96,1974-04-10
David,Orr,0675 Gutierrez Rapids Suite 09,1999-10-28
Roger,Thornton,29862 Daugherty Rapid Suite 41,2002-09-29
Christine,Adams,885 Massey Circle Port Josepht,1974-10-18
Jo,Lambert,6026 Smith Mountains Apt. 531,1987-08-15
Timothy,Fox,62576 Catherine Summit Knightl,1934-10-04
Pamela,Bishop,537 Lawrence Camp Suite 453 Je,1941-05-15
Danielle,Wallace,393 Frey Knolls Suite 610 Port,1959-01-19
Stacy,Johnson,94437 Kenneth Dam Suite 283 Ja,1973-03-23
Joe,Murray,6995 James Meadows Apt. 310 Br,1953-09-14
Kara,Scott,165 Stephanie Highway Suite 10,1959-06-02
Teresa,Foster,562 Juarez Island Apt. 433 Sou,1984-11-15
Jason,Rogers,349 Alvarez Forks Port Haileyp,1975-12-15
Denise,Reynolds,Unit 5932 Box 7594 DPO AA 4933,1987-08-12
Pamela,Schaefer,0846 Jennifer Burg Hooverville,1985-01-10
Matthew,Armstrong,50900 Katherine Via Robertport,1951-12-08
Jason,Bartlett,254 Howell Court Fergusonville,1949-10-02
Jillian,Mccoy,862 David Spurs Apt. 348 Angel,1998-02-08
Jeremiah,Gonzales,948 Ford Station South Carlyto,2002-03-15
Brandon,Riley,647 Renee Street Suite 168 Riv,2003-03-16
Shane,Dickerson,6283 Lauren Knolls Apt. 196 Ta,1951-07-19
Sean,Mccall,3277 Jonathan Loop Cooperburgh,1951-03-02
Donald,Love,"561 Lee Knolls Tonihaven, IL 4",1986-07-04
Christophe,Gibson,80003 David Green Suite 736 La,1942-04-12
Donna,Smith,"7442 Nancy Roads Coxport, GA 4",1935-01-06
Jeff,Byrd,293 Matthew Road New Joshuabur,1983-08-18
Victoria,Dixon,USS Mitchell FPO AP 86610,2003-03-19
Susan,Conner,9606 Jones Throughway Apt. 877,1961-06-14
Timothy,Ray,Unit 0202 Box 7031 DPO AP 1797,1994-08-17
Jeremy,Ward,0280 Norton Corners East Tonya,1960-12-18
Tony,Frazier,610 Jeffrey Turnpike South Ken,1966-09-17
Michael,Gonzales,22645 Tyler Path Apt. 116 Sout,1953-04-20
John,Medina,"011 Mason Plains Hicksburgh, W",1988-11-08
Angelica,Jones,"341 Alan Fields Lynchmouth, WI",1968-03-17
Gregory,Lutz,57751 Katelyn Keys Claytonside,2002-08-24
Philip,Walker,USNS Morgan FPO AP 35390,1966-04-21
Natalie,Cunningham,856 Henderson Keys Apt. 287 Wi,1967-05-02
Johnny,Miller,1139 Amanda Locks Apt. 198 Por,1988-01-16
Melissa,Preston,41898 Smith Underpass Kevinber,1961-07-14
Allison,Harris,"432 Richard Ranch Jesseview, C",1996-11-28
Corey,Vazquez,819 Nancy Divide East Debrasid,1941-01-08
Natasha,Kirk,USCGC Blair FPO AE 58077,1955-03-21
Kevin,Maldonado,82047 Danny Stravenue Lake Adr,1955-02-23
Tiffany,Cole,63048 Brian Burgs Suite 628 Pe,1985-04-15
Michelle,Mitchell,2398 Hickman Cliff Fuentesfurt,1988-01-20
Brett,Garcia,54458 Fernandez Freeway Campbe,1935-07-13
Carl,Pennington,24483 Amanda Lock Apt. 415 Ste,1968-12-06
Alexander,Jones,220 Cobb Valleys Suite 359 Sim,1975-06-05
Michael,Long,959 Cardenas Centers Josephsid,1960-08-10
